{"loss":0.04533596444749632,"_timestamp":1.7651762111483793e+09,"_step":0,"_wandb":{"runtime":150},"_runtime":150,"epoch":1}